path,commit,git_blob,reading_coverage,purpose,url,exported_complete_bytes,local_path,identity_verification
AGENTS.md,9734776b3cef3d7039be9623e8872df2c2a85174,d7a3a2d9277d03306704227e9db9399beef042b6,complete,research protocol,https://github.com/techrote/radiCADSAC/blob/9734776b3cef3d7039be9623e8872df2c2a85174/AGENTS.md,False,,CONNECTOR_REPORTED_FULL_FILE_BLOB; local full bytes not retained
handoffs/current-authority.json,9734776b3cef3d7039be9623e8872df2c2a85174,fa0233323a0804d8a5d3eb7cd892a274a6173fab,complete,current programme selector,https://github.com/techrote/radiCADSAC/blob/9734776b3cef3d7039be9623e8872df2c2a85174/handoffs/current-authority.json,True,source/main/handoffs/current-authority.json,LOCAL_GIT_BLOB_MATCH
docs/decisions/DR-0026-machining-completeness-programme.md,9734776b3cef3d7039be9623e8872df2c2a85174,81a701d78c1858140464f9e8d90aaa0f1776dd88,complete,current accepted programme decision,https://github.com/techrote/radiCADSAC/blob/9734776b3cef3d7039be9623e8872df2c2a85174/docs/decisions/DR-0026-machining-completeness-programme.md,False,,CONNECTOR_REPORTED_FULL_FILE_BLOB; local full bytes not retained
docs/machining-completeness/00-PROGRAMME.md,9734776b3cef3d7039be9623e8872df2c2a85174,c44578620beba129ef809891e39919d51acff0ea,complete,programme authority,https://github.com/techrote/radiCADSAC/blob/9734776b3cef3d7039be9623e8872df2c2a85174/docs/machining-completeness/00-PROGRAMME.md,False,,CONNECTOR_REPORTED_FULL_FILE_BLOB; local full bytes not retained
docs/machining-completeness/07-EXECUTION-PROTOCOL.md,9734776b3cef3d7039be9623e8872df2c2a85174,9e79ce30e7e57138e4a594e19df73b9935b391b4,complete,execution authority; remote-write clauses deferred this turn,https://github.com/techrote/radiCADSAC/blob/9734776b3cef3d7039be9623e8872df2c2a85174/docs/machining-completeness/07-EXECUTION-PROTOCOL.md,False,,CONNECTOR_REPORTED_FULL_FILE_BLOB; local full bytes not retained
docs/machining-completeness/12-ROADMAP.md,9734776b3cef3d7039be9623e8872df2c2a85174,bcbfca9c1b58db3d33197a21d38a885e49291e6d,complete across initial read and overlapping lines 60-EOF,stale v52 frontier; routing context retained,https://github.com/techrote/radiCADSAC/blob/9734776b3cef3d7039be9623e8872df2c2a85174/docs/machining-completeness/12-ROADMAP.md,False,,CONNECTOR_REPORTED_FULL_FILE_BLOB; local full bytes not retained
docs/machining-completeness/77-MC038-CURRENT-IMPLEMENTATION-STATE.md,9734776b3cef3d7039be9623e8872df2c2a85174,4fc3710483c66cc3b90c7f99626865eb9e196bf5,complete,accepted v53 navigation ledger,https://github.com/techrote/radiCADSAC/blob/9734776b3cef3d7039be9623e8872df2c2a85174/docs/machining-completeness/77-MC038-CURRENT-IMPLEMENTATION-STATE.md,False,,CONNECTOR_REPORTED_FULL_FILE_BLOB; local full bytes not retained
docs/machining-completeness/78-PB00701-MIXED-OWNER-SPANS.md,9734776b3cef3d7039be9623e8872df2c2a85174,34c07ab80b918639eb57e58cf07f8991170a95de,complete,ordered-span contract,https://github.com/techrote/radiCADSAC/blob/9734776b3cef3d7039be9623e8872df2c2a85174/docs/machining-completeness/78-PB00701-MIXED-OWNER-SPANS.md,False,,CONNECTOR_REPORTED_FULL_FILE_BLOB; local full bytes not retained
research/machining-completeness/tasks/MC-038/current-implementation-state-v1.json,9734776b3cef3d7039be9623e8872df2c2a85174,9f0bc8402a4d06cbe850338cef3ca9dde3297d58,complete,machine current-state ledger,https://github.com/techrote/radiCADSAC/blob/9734776b3cef3d7039be9623e8872df2c2a85174/research/machining-completeness/tasks/MC-038/current-implementation-state-v1.json,False,,CONNECTOR_REPORTED_FULL_FILE_BLOB; local full bytes not retained
research/machining-completeness/tasks/MC-038/report.md,9734776b3cef3d7039be9623e8872df2c2a85174,5ee4e085f922f6c1bf39fa493af0d3aae130de1e,complete,historical gate review; stale v52 navigation note,https://github.com/techrote/radiCADSAC/blob/9734776b3cef3d7039be9623e8872df2c2a85174/research/machining-completeness/tasks/MC-038/report.md,False,,CONNECTOR_REPORTED_FULL_FILE_BLOB; local full bytes not retained
research/machining-completeness/tasks/MC-038/outcome.json,9734776b3cef3d7039be9623e8872df2c2a85174,2b821f6c14e1ba36c8121aab9b13e13b21b81f9f,complete,historical BLOCKED MC-B outcome,https://github.com/techrote/radiCADSAC/blob/9734776b3cef3d7039be9623e8872df2c2a85174/research/machining-completeness/tasks/MC-038/outcome.json,False,,CONNECTOR_REPORTED_FULL_FILE_BLOB; local full bytes not retained
research/machining-completeness/tasks/MC-038/pb00701_mixed_owner_span_model.py,9734776b3cef3d7039be9623e8872df2c2a85174,0d7b334accaec307ef2016a1bec2fa22cb115920,"complete, ranges 1-240 and 241-EOF",v53 constructor and fixed predecessor wrapper,https://github.com/techrote/radiCADSAC/blob/9734776b3cef3d7039be9623e8872df2c2a85174/research/machining-completeness/tasks/MC-038/pb00701_mixed_owner_span_model.py,True,source/main/research/machining-completeness/tasks/MC-038/pb00701_mixed_owner_span_model.py,LOCAL_GIT_BLOB_MATCH
research/machining-completeness/tasks/MC-038/pb00701_mixed_owner_span_certificate.py,9734776b3cef3d7039be9623e8872df2c2a85174,91bfc606539d05f054a86ee381af59926502c167,complete,finite full-source checker,https://github.com/techrote/radiCADSAC/blob/9734776b3cef3d7039be9623e8872df2c2a85174/research/machining-completeness/tasks/MC-038/pb00701_mixed_owner_span_certificate.py,True,source/main/research/machining-completeness/tasks/MC-038/pb00701_mixed_owner_span_certificate.py,LOCAL_GIT_BLOB_MATCH
research/machining-completeness/tasks/MC-038/verify_pb00701_v53.py,9734776b3cef3d7039be9623e8872df2c2a85174,7995627b8ff784c17947b2db746a588b5ed18d7b,complete,verifier and inherited pins; import-only smoke,https://github.com/techrote/radiCADSAC/blob/9734776b3cef3d7039be9623e8872df2c2a85174/research/machining-completeness/tasks/MC-038/verify_pb00701_v53.py,True,source/main/research/machining-completeness/tasks/MC-038/verify_pb00701_v53.py,LOCAL_GIT_BLOB_MATCH
research/machining-completeness/tasks/MC-038/pb00701-report-v53.md,9734776b3cef3d7039be9623e8872df2c2a85174,0ad24327f9839d8ade12a6fa98ab2238438d9a08,complete,accepted bounded result report,https://github.com/techrote/radiCADSAC/blob/9734776b3cef3d7039be9623e8872df2c2a85174/research/machining-completeness/tasks/MC-038/pb00701-report-v53.md,False,,CONNECTOR_REPORTED_FULL_FILE_BLOB; local full bytes not retained
research/machining-completeness/tasks/MC-038/pb00701-mixed-owner-spans-v53.json,9734776b3cef3d7039be9623e8872df2c2a85174,006ceb86365616462de3b77689950e9b849d349d,complete,v53 contract/boundary and pins,https://github.com/techrote/radiCADSAC/blob/9734776b3cef3d7039be9623e8872df2c2a85174/research/machining-completeness/tasks/MC-038/pb00701-mixed-owner-spans-v53.json,True,source/main/research/machining-completeness/tasks/MC-038/pb00701-mixed-owner-spans-v53.json,LOCAL_GIT_BLOB_MATCH
research/machining-completeness/tasks/MC-038/pb00701_piecewise_product_model.py,9734776b3cef3d7039be9623e8872df2c2a85174,6ca7a321bd027f3ed2a22059e9aa856c76485f8a,"partial: 1-170, 235-EOF; 171-234 not read",v52 lowering/continuity/wrapper; middle assembly not reread,https://github.com/techrote/radiCADSAC/blob/9734776b3cef3d7039be9623e8872df2c2a85174/research/machining-completeness/tasks/MC-038/pb00701_piecewise_product_model.py,False,,CONNECTOR_REPORTED_FULL_FILE_BLOB; local full bytes not retained
research/machining-completeness/tasks/MC-038/pb00701_ordered_product_model.py,9734776b3cef3d7039be9623e8872df2c2a85174,d36c5f5ce3b12840273d8483c467ff41a6e9ae01,partial: 1-100,v51 product owner and direction-extraction entry,https://github.com/techrote/radiCADSAC/blob/9734776b3cef3d7039be9623e8872df2c2a85174/research/machining-completeness/tasks/MC-038/pb00701_ordered_product_model.py,False,,CONNECTOR_REPORTED_FULL_FILE_BLOB; local full bytes not retained
research/machining-completeness/tasks/MC-038/pb00701_vanishing_source_factor_model.py,9734776b3cef3d7039be9623e8872df2c2a85174,dfd554bf9ee41c96f9009f8ed8ceae485e134a5d,"partial: 1-100, 105-235",v50 supported strict owners and finite routing,https://github.com/techrote/radiCADSAC/blob/9734776b3cef3d7039be9623e8872df2c2a85174/research/machining-completeness/tasks/MC-038/pb00701_vanishing_source_factor_model.py,False,,CONNECTOR_REPORTED_FULL_FILE_BLOB; local full bytes not retained
research/machining-completeness/tasks/MC-038/pb00701_coupled_bspline_model.py,9734776b3cef3d7039be9623e8872df2c2a85174,a086b625e1a6dea8bd202699d161167bb69cc9e7,complete across full response prefix and overlapping 345-EOF; persisted exact blob proves complete bytes,v7 source lowerer and original amplitude route,https://github.com/techrote/radiCADSAC/blob/9734776b3cef3d7039be9623e8872df2c2a85174/research/machining-completeness/tasks/MC-038/pb00701_coupled_bspline_model.py,True,source/main/research/machining-completeness/tasks/MC-038/pb00701_coupled_bspline_model.py,LOCAL_GIT_BLOB_MATCH
research/machining-completeness/tasks/MC-038/test_pb00701_mixed_owner_span.py,9734776b3cef3d7039be9623e8872df2c2a85174,f25e76dab22e47b6573a4c2fd8c1170677c887fb,partial: 1-100,fixture imports and no-search guard,https://github.com/techrote/radiCADSAC/blob/9734776b3cef3d7039be9623e8872df2c2a85174/research/machining-completeness/tasks/MC-038/test_pb00701_mixed_owner_span.py,False,,CONNECTOR_REPORTED_FULL_FILE_BLOB; local full bytes not retained
research/machining-completeness/tasks/MC-038/test_pb00701_mixed_owner_span_integration.py,9734776b3cef3d7039be9623e8872df2c2a85174,050e6b2110d9d706a9cf96006b79e069adb7beac,"partial: 1-170, 205-310",candidate and explicit reversed residual assertions,https://github.com/techrote/radiCADSAC/blob/9734776b3cef3d7039be9623e8872df2c2a85174/research/machining-completeness/tasks/MC-038/test_pb00701_mixed_owner_span_integration.py,False,,CONNECTOR_REPORTED_FULL_FILE_BLOB; local full bytes not retained
